PartName,Series,OldDieSet,NewDieSet
MSLC3,9970B,M0341,I9970B01
M-SLC3,9971B,M0342,I9971B01
121,9926B,M7448,I9926B02
209-53,9926B,M7448,I9926B02
219,9926B,M7448,I9926B02
321,9926B,M7448,I9926B02
331,9926B,M7448,I9926B02
159,9926B,M7806,I9926B03
218,9926B,M7806,I9926B03
218-2,9926B,M7806,I9926B03
218-3,9926B,M7806,I9926B03
219,9926B,M7806,I9926B03
120,9926B,M7806,I9926B03
122,9926B,M7806,I9926B03
123,9926B,M7806,I9926B03
124,9926B,M7806,I9926B03
125,9926B,M7806,I9926B03
128,9926B,M7806,I9926B03
129,9926B,M7806,I9926B03
131,9926B,M7806,I9926B03
144-1,9926B,M7806,I9926B03
144-2,9926B,M7806,I9926B03
158,9926B,M7806,I9926B03
160,9926B,M7806,I9926B03
161,9926B,M7806,I9926B03
162,9926B,M7806,I9926B03
163,9926B,M7806,I9926B03
233,9926B,M7806,I9926B03
101,13067B,M7938,I13067B01
106,13067B,M7938,I13067B01
305,13067B,M7938,I13067B01
CF01A,9615S,FA06001,H9615S01
CF01B,9615S,FA06001,H9615S01
CR02A,9615S,FA06001,H9615S01
CR02B,9615S,FA06001,H9615S01
CR04,9615S,FA06001,H9615S01
CR09-3P,9615S,FA06001,H9615S01
CR11,9615S,FA06001,H9615S01
CR12,9615S,FA06001,H9615S01
CF01,9615S,FA06004,H9615S04
CF08,9615S,FA06004,H9615S04
TS1,9690S,H9690S16,H9690S16
105-1,10109C-E1A,ID-163,H10109C01
105-1V,10109C-E1A,ID-163,H10109C01
105V,10109C-E1A,ID-163,H10109C01
106,10109C-E1A,ID-163,H10109C01
106-1,10109C-E1A,ID-163,H10109C01
106-1B,10109C-E1A,ID-163,H10109C01
106-1C,10109C-E1A,ID-163,H10109C01
106-1V,10109C-E1A,ID-163,H10109C01
106B,10109C-E1A,ID-163,H10109C01
106C,10109C-E1A,ID-163,H10109C01
106V,10109C-E1A,ID-163,H10109C01
401,10109C-E1A,ID-163,H10109C01
402,10109C-E1A,ID-163,H10109C01
403,10109C-E1A,ID-163,H10109C01
108,9709B,ID-164,H9709B01
108-10P,9709B,ID-164,H9709B01
112A,9709B,ID-164,H9709B01
112B,9709B,ID-164,H9709B01
113A,9709B,ID-164,H9709B01
113B,9709B,ID-164,H9709B01
506A,9709B,ID-164,H9709B01
506B,9709B,ID-164,H9709B01
507,9709B,ID-164,H9709B01
507A,9709B,ID-164,H9709B01
507D,9709B,ID-164,H9709B01
508,9709B,ID-164,H9709B01
511A,9709B,ID-164,H9709B01
512,9709B,ID-164,H9709B01
517A,9709B,ID-164,H9709B01
702,9709B,ID-164,H9709B01
702B,9709B,ID-164,H9709B01
205A,9687S,ID-187,H9687S02
205B,9687S,ID-187,H9687S02
208A,9687S,ID-187,H9687S02
211A,9687S,ID-187,H9687S02
213,9687S,ID-187,H9687S02
606A,9687S,ID-187,H9687S02
607A,9687S,ID-187,H9687S02
608A,9687S,ID-187,H9687S02
608B,9687S,ID-187,H9687S02
609A,9687S,ID-187,H9687S02
609B,9687S,ID-187,H9687S02
610A,9687S,ID-187,H9687S02
610C,9687S,ID-187,H9687S02
611,9687S,ID-187,H9687S02
612,9687S,ID-187,H9687S02
613,9687S,ID-187,H9687S02
614,9687S,ID-187,H9687S02
109C,9665S,ID-195,H9665S01
117,9665S,ID-195,H9665S01
506A,9665S,ID-195,H9665S01
507B,9665S,ID-195,H9665S01
508-1,9665S,ID-195,H9665S01
508A,9665S,ID-195,H9665S01
508B,9665S,ID-195,H9665S01
509A,9665S,ID-195,H9665S01
509B,9665S,ID-195,H9665S01
510A,9665S,ID-195,H9665S01
510B,9665S,ID-195,H9665S01
519,9665S,ID-195,H9665S01
106F,13007B,ID-225,H13007B01
519A,13007B,ID-225,H13007B01
511,13046B,ID-278,H13046B04
12A,9633S,IR-021,H9633S01
12B,9633S,IR-021,H9633S01
49,9633S,IR-021,H9633S01
CF10,9134S,IR-0802,H9134S01
CF12,9134S,IR-0802,H9134S01
CF13,9134S,IR-0802,H9134S01
CF14A,9134S,IR-0802,H9134S01
CF14B,9134S,IR-0802,H9134S01
CF14C,9134S,IR-0802,H9134S01
CR10B,9134S,IR-0802,H9134S01
CR10C,9134S,IR-0802,H9134S01
CR11A,9134S,IR-0802,H9134S01
CR11C,9134S,IR-0802,H9134S01
CR14A,9134S,IR-0802,H9134S01
CF20,9820S,IR-0903,H9820S01
CF21,9820S,IR-0903,H9820S01
CF25,9820S,IR-0903,H9820S01
CF27,9820S,IR-0903,H9820S01
CR21,9820S,IR-0903,H9820S01
CR22A,9820S,IR-0903,H9820S01
CR22B,9820S,IR-0903,H9820S01
CR23A,9820S,IR-0903,H9820S01
CR23B,9820S,IR-0903,H9820S01
CR24A,9820S,IR-0903,H9820S01
CR24B,9820S,IR-0903,H9820S01
CR24C,9820S,IR-0903,H9820S01
306,9962B,IR-222,H9962B01
334A,9962B,IR-222,H9962B01
334B,9962B,IR-222,H9962B01
305-2R,9111B,IR-228,H9111B01
307,9111B,IR-228,H9111B01
201B,9640S,IR-286,H9640S02
202B,9640S,IR-286,H9640S02
203A,9640S,IR-286,H9640S02
205A,9640S,IR-286,H9640S02
207A,9640S,IR-286,H9640S02
301A,9640S,IR-286,H9640S02
301B,9640S,IR-286,H9640S02
301C,9640S,IR-286,H9640S02
303A,9640S,IR-286,H9640S02
303B,9640S,IR-286,H9640S02
310C,9640S,IR-286,H9640S02
311,9640S,IR-286,H9640S02
311B,9640S,IR-286,H9640S02
343A,9640S,IR-286,H9640S02
343B,9640S,IR-286,H9640S02
401A,9640S,IR-286,H9640S02
401B,9640S,IR-286,H9640S02
VOI PHUN,9640S,IR-286,H9640S02
202A,9637S,IR-324,H9637S13
202B,9637S,IR-324,H9637S13
203A,9637S,IR-324,H9637S13
203B,9637S,IR-324,H9637S13
306A,9637S,IR-324,H9637S13
306B,9637S,IR-324,H9637S13
341A,9637S,IR-324,H9637S13
201A,9637C,IR-325,H9637C12
201B,9637C,IR-325,H9637C12
339B,9637C,IR-325,H9637C12
339C,9637C,IR-325,H9637C12
303,13056B,IR-356,H13056B01
321,13056B,IR-356,H13056B01
322A,13056B,IR-356,H13056B01
322B,13056B,IR-356,H13056B01
344A,13056B,IR-356,H13056B01
344B,13056B,IR-356,H13056B01
344C,13056B,IR-356,H13056B01
409A,13056B,IR-356,H13056B01
409B,13056B,IR-356,H13056B01
412A,13056B,IR-356,H13056B01
412B,13056B,IR-356,H13056B01
212B,11603S,IR-362,H11603S02
302,11603S,IR-362,H11603S02
307,11603S,IR-362,H11603S02
309A,11603S,IR-362,H11603S02
309B,11603S,IR-362,H11603S02
309C,11603S,IR-362,H11603S02
309D,11603S,IR-362,H11603S02
201A,11502S,IR-367,H11502S01
203,11502S,IR-367,H11502S01
204,11502S,IR-367,H11502S01
205,11502S,Ir-367,H11502S01
206,11502S,IR-367,H11502S01
207A,11502S,IR-367,H11502S01
207B,11502S,IR-367,H11502S01
208A,11502S,IR-367,H11502S01
208B,11502S,IR-367,H11502S01
213A,11502S,IR-367,H11502S01
213B,11502S,IR-367,H11502S01
237A,11502S,IR-367,H11502S01
237B,11502S,IR-367,H11502S01
301A,11502S,IR-367,H11502S01
301B,11502S,IR-367,H11502S01
301C,11502S,IR-367,H11502S01
301D,11502S,IR-367,H11502S01
302A,11502S,IR-367,H11502S01
302B,11502S,IR-367,H11502S01
304A,11502S,IR-367,H11502S01
304B,11502S,IR-367,H11502S01
305A,11502S,IR-367,H11502S01
305B,11502S,IR-367,H11502S01
309A,11502S,IR-367,H11502S01
309B,11502S,IR-367,H11502S01
310A,11502S,IR-367,H11502S01
310B,11502S,IR-367,H11502S01
311,11502S,IR-367,H11502S01
343B,11502S,IR-367,H11502S01
343C,11502S,IR-367,H11502S01
343D,11502S,IR-367,H11502S01
343E,11502S,IR-367,H11502S01
343F,11502S,IR-367,H11502S01
343G,11502S,IR-367,H11502S01
238A,11603S,IR-371,H11603S06
238B,11603S,IR-371,H11603S06
302,11603S,IR-371,H11603S06
303,11603S,IR-371,H11603S06
305E,11603S,IR-371,H11603S06
307,11603S,IR-371,H11603S06
309C,11603S,IR-371,H11603S06
338A,11603S,IR-371,H11603S06
338B,11603S,IR-371,H11603S06
344C,11603S-D1E,IR-371,H11603S06
016A,10106B-E1G,IR-378,H10106B01
016D,10106B-E1G,IR-378,H10106B01
101,10106B-E1G,Ir-378,H10106B01
201,10106B-E1G,IR-378,H10106B01
202,10106B-E1G,IR-378,H10106B01
203,10106B-E1G,IR-378,H10106B01
204,10106B-E1G,IR-378,H10106B01
207,10106B-E1G,IR-378,H10106B01
226A,10106B-E1G,IR-378,H10106B01
226B,10106B-E1G,IR-378,H10106B01
229,10106B-E1G,IR-378,H10106B01
203A,11603S,IR-393,H11603S03
109-1B,6302B,IRSV-001,H6302B04
201A,6302B,IRSV-001,H6302B04
201B,6302B,IRSV-001,H6302B04
209,6302B,IRSV-001,H6302B04
301-1A,6302B,IRSV-001,H6302B04
301-1B,6302B,IRSV-001,H6302B04
EPVB0.5-36.15-P0.499,6302B,IRSV-001,H6302B04
EPVB0.6-36.15-P0.505,6302B,IRSV-001,H6302B04
17A,9615S,IRSV-003,H9615S05
301A,9637C-H5F,IRSV-007,H9637C14
301C,9637C-H5F,IRSV-007,H9637C14
202A,9637S,IRSV-008,H9637S15
202B,9637S,IRSV-008,H9637S15
101A,9687C,IRSV-016,H9687C02
101B,9687C,IRSV-016,H9687C02
203B,9687C,IRSV-016,H9687C02
106B,9665C,IRSV-019,H9665C01
108A,9687S,IRSV-020,H9687S03
108B,9687S,IRSV-020,H9687S03
210,9687S,IRSV-020,H9687S03
205B,11603S,IRSV-021,H11603S04
210A,11603S,IRSV-021,H11603S04
210B,11603S,IRSV-021,H11603S04
309A,11603S,IRSV-021,H11603S04
309B,11603S,IRSV-021,H11603S04
309C,11603S,IRSV-021,H11603S04
309D,11603S,IRSV-021,H11603S04
B15,9220A,IRSV-022,H9220A01
TM14,9220A,IRSV-022,H9220A01
TM15,9220A,IRSV-022,H9220A01
604,9827B,IRSV-027,0x2a
107A,9637S,IRSV-029,H9637S17
107B,9637S,IRSV-029,H9637S17
205,9637S,IRSV-029,H9637S17
206,9637S,IRSV-029,H9637S17
121-1,10109B-E1L,IRSV-033,H10109B14
201,10109B-E1L,IRSV-033,H10109B14
202,10109B-E1L,IRSV-033,H10109B14
216,10109B-E1L,IRSV-033,H10109B14
405,10109B-E1L,IRSV-033,H10109B14
406,10109B-E1L,IRSV-033,H10109B14
601,10109B-E1AA,IRSV-034,H10109B15
116,10109B-E1R,IRSV-037,H10109B16
119,10109B-E1R,IRSV-037,H10109B16
201,10109B-E1R,IRSV-037,H10109B16
202,10109B-E1R,IRSV-037,H10109B16
223-1,10109B-E1R,IRSV-037,H10109B16
223-2,10109B-E1R,IRSV-037,H10109B16
301,10109B-E1R,IRSV-037,H10109B16
302,10109B-E1R,IRSV-037,H10109B16
602,10109B-E1R,IRSV-037,H10109B16
603,10109B-E1R,IRSV-037,H10109B16
604,10109B-E1R,IRSV-037,H10109B16
201,10109S-E1E,IRSV-038,H10109S01
403,10109S-E1E,IRSV-038,H10109S01
121-1,9690S,IRSV-043,H9690S01
121-2,9690S,IRSV-043,H9690S01
121-3,9690S,IRSV-043,H9690S01
122B,9690S,IRSV-043,H9690S01
132A,9690S,IRSV-043,H9690S01
132B,9690S,IRSV-043,H9690S01
521E,9690S,IRSV-043,H9690S01
521F,9690S,IRSV-043,H9690S01
529B,9690S,IRSV-043,H9690S01
534B,9690S,IRSV-043,H9690S01
603,9690S,IRSV-043,H9690S01
604,9690S,IRSV-043,H9690S01
210,9697S,IRSV-048,H9697S03
403A,9697S,IRSV-048,H9697S03
403B,9697S,IRSV-048,H9697S03
B023,9947B,M00218,H9947B02
101,9665S,M0229,H9665S02
102,9665S,M0229,H9665S02
105B,9665S,M0229,H9665S02
106A,9665S,M0229,H9665S02
106B,9665S,M0229,H9665S02
208A,9665S,M0229,H9665S02
37B,9686C,M0234,H9686C02
B06,9492B,M03029,H9492B01
B10,9492B,M03029,H9492B01
C10,9492B,M03029,H9492B01
C11,9492B,M03029,H9492B01
C12,9492B,M03029,H9492B01
C13,9492B,M03029,H9492B01
B10,9492B,M03030,H9492B02
B20,9492B,M03030,H9492B02
C11,9492B,M03030,H9492B02
C12,9492B,M03030,H9492B02
C13,9492B,M03030,H9492B02
B10,9199S,M03042,H9199S01
C13A,9199S,M03042,H9199S01
C13B,9199S,M03042,H9199S01
C13D,9199S,M03042,H9199S01
C13E,9199S,M03042,H9199S01
C14,9199S,M03042,H9199S01
S107,9199S,M03042,H9199S01
S108,9199S,M03042,H9199S01
S109,9199S,M03042,H9199S01
C02A,9110S,M03059,H9110S01
C02B,9110S,M03059,H9110S01
C04B,9110S,M03059,H9110S01
C04C,9110S,M03059,H9110S01
MSLC4,9970B,M0341,I9970B01
FC3,9971B,M0342,I9971B01
VOI PHUN 9971B,9971B,M0342,I9971B01
211,10109C-H5G,M0794,H10109C08
212A,10109C-H5G,M0794,H10109C08
212B,10109C-H5G,M0794,H10109C08
213,10109C-H5G,M0794,H10109C08
214A,10109C-H5G,M0794,H10109C08
214B,10109C-H5G,M0794,H10109C08
215A,10109C-H5G,M0794,H10109C08
215B,10109C-H5G,M0794,H10109C08
216,10109C-H5G,M0794,H10109C08
217,10109C-H5G,M0794,H10109C08
222A,10109C-H5G,M0794,H10109C08
222B,10109C-H5G,M0794,H10109C08
226,10109C-H5G,M0794,H10109C08
227A,10109C-H5G,M0794,H10109C08
227B,10109C-H5G,M0794,H10109C08
109,10106S-E1A,M0798,H10106S01
110,10106S-E1A,M0798,H10106S01
112-1,10106S-E1A,M0798,H10106S01
131,10106S-E1A,M0798,H10106S01
132,10106S-E1A,M0798,H10106S01
134,10106S-E1A,M0798,H10106S01
141,10106S-E1A,M0798,H10106S01
203 100P,10106S-E1A,M0798,H10106S01
203 140P,10106S-E1A,M0798,H10106S01
203 60P,10106S-E1A,M0798,H10106S01
218,10106S-E1A,M0798,H10106S01
220,10106S-E1A,M0798,H10106S01
302A.B-80P,10106S-E1A,M0798,H10106S01
302A-B 100P,10106S-E1A,M0798,H10106S01
302A-B 120P,10106S-E1A,M0798,H10106S01
302A-B 140P,10106S-E1A,M0798,H10106S01
302A-B 40P,10106S-E1A,M0798,H10106S01
302A-B 60P,10106S-E1A,M0798,H10106S01
402,10106S-E1A,M0798,H10106S01
303A,10106C-E1A,M0799,H10106C01
303AA,10106C-E1A,M0799,H10106C01
403,10106C-E1A,M0799,H10106C01
101-1,10106B-E1E,M0800,H10106B02
105,10106B-E1E,M0800,H10106B02
114,10106B-E1E,M0800,H10106B02
201-2A,10106B-E1E,M0800,H10106B02
201-2B,10106B-E1E,M0800,H10106B02
203,10106B-E1E,M0800,H10106B02
210A,10106B-E1E,M0800,H10106B02
210B,10106B-E1E,M0800,H10106B02
221-1,10106B-E1E,M0800,H10106B02
221B,10106B-E1E,M0800,H10106B02
405,10106B-E1E,M0800,H10106B02
107,10106C-H5B,M0807,H10106C02
111,10106C-H5B,M0807,H10106C02
112,10106C-H5B,M0807,H10106C02
113,10106C-H5B,M0807,H10106C02
114,10106C-H5B,M0807,H10106C02
116,10106C-H5B,M0807,H10106C02
117,10106C-H5B,M0807,H10106C02
118,10106C-H5B,M0807,H10106C02
119,10106C-H5B,M0807,H10106C02
211,10106C-H5B,M0807,H10106C02
212,10106C-H5B,M0807,H10106C02
213A,10106C-H5B,M0807,H10106C02
213B,10106C-H5B,M0807,H10106C02
214,10106C-H5B,M0807,H10106C02
215,10106C-H5B,M0807,H10106C02
216,10106C-H5B,M0807,H10106C02
217,10106C-H5B,M0807,H10106C02
218,10106C-H5B,M0807,H10106C02
219,10106C-H5B,M0807,H10106C02
402,10106C-H5B,M0807,H10106C02
417,10106C-H5B,M0807,H10106C02
421,10106C-H5B,M0807,H10106C02
501l-1,10106C-H5B,M0807,H10106C02
501l-2,10106C-H5B,M0807,H10106C02
502,10106C-H5B,M0807,H10106C02
503A,10106C-H5B,M0807,H10106C02
503D,10106C-H5B,M0807,H10106C02
503G-1,10106C-H5B,M0807,H10106C02
503G-2,10106C-H5B,M0807,H10106C02
115B1,10106C-H5A,M0808,H10106C03
212,10106E-H5A,M0808,H10106C03
213,10106E,M0808,H10106C03
221,10106E,M0808,H10106C03
305,10106E-H5A,M0808,H10106C03
114,9686C,M0824,H9686C04
212A,9686C,M0824,H9686C04
212D,9686C,M0824,H9686C04
214,9686C,M0824,H9686C04
215B,9686C,M0824,H9686C04
216A,9686C,M0824,H9686C04
216B,9686C,M0824,H9686C04
101A,13030B,M0829,H13030B01
101B,13030B,M0829,H13030B01
101C,13030B,M0829,H13030B01
101D,13030B,M0829,H13030B01
101E,13030B,M0829,H13030B01
101F,13030B,M0829,H13030B01
101G,13030B,M0829,H13030B01
101H,13030B,M0829,H13030B01
105,13030B,M0829,H13030B01
201A,13030B,M0829,H13030B01
201B,13030B,M0829,H13030B01
202,13030B,M0829,H13030B01
206,13030B,M0829,H13030B01
207,13030B,M0829,H13030B01
208A,13030B,M0829,H13030B01
208B,13030B,M0829,H13030B01
301A,13030B,M0829,H13030B01
301B,13030B,M0829,H13030B01
312A,18005S,M0845,H18005S01
411,18005S,M0845,H18005S01
412A,18005S,M0845,H18005S01
412B,18005S,M0845,H18005S01
415A,18005S,M0845,H18005S01
416A,18005S,M0845,H18005S01
416B,18005S,M0845,H18005S01
417,18005S,M0845,H18005S01
419A,18005S,M0845,H18005S01
419B,18005S,M0845,H18005S01
451,18005S,M0845,H18005S01
452,18005S,M0845,H18005S01
111A,13036B,M0846,H13036B01
111B,13036B,M0846,H13036B01
114,13036B,M0846,H13036B01
115,13036B,M0846,H13036B01
119,13036B,M0846,H13036B01
212B,13036B,M0846,H13036B01
213,13036B,M0846,H13036B01
214,13036B,M0846,H13036B01
215,13036B,M0846,H13036B01
216,13036B,M0846,H13036B01
218,13036B,M0846,H13036B01
221A,13036B,M0846,H13036B01
221B,13036B,M0846,H13036B01
222,13036B,M0846,H13036B01
224,13036B,M0846,H13036B01
225A,13036B,M0846,H13036B01
225B,13036B,M0846,H13036B01
228,13036B,M0846,H13036B01
111A,13037B,M0850,H13037B01
111B,13037B,M0850,H13037B01
112,13037B,M0850,H13037B01
113,13037B,M0850,H13037B01
114,13037B,M0850,H13037B01
115,13037B,M0850,H13037B01
118,13037B,M0850,H13037B01
211A,13037B,M0850,H13037B01
211B,13037B,M0850,H13037B01
212A,13037B,M0850,H13037B01
212B,13037B,M0850,H13037B01
213A,13037B,M0850,H13037B01
214,13037B,M0850,H13037B01
215,13037B,M0850,H13037B01
216,13037B,M0850,H13037B01
217,13037B,M0850,H13037B01
218,13037B,M0850,H13037B01
219,13037B,M0850,H13037B01
221A,13037B,M0850,H13037B01
221B,13037B,M0850,H13037B01
222,13037B,M0850,H13037B01
223,13037B,M0850,H13037B01
224,13037B,M0850,H13037B01
311,18011S,M0883,H18011S01
312A,18011S,M0883,H18011S01
312B,18011S,M0883,H18011S01
313A,18011S,M0883,H18011S01
313B,18011S,M0883,H18011S01
314,18011S,M0883,H18011S01
315,18011S,M0883,H18011S01
316,18011S,M0883,H18011S01
317,18011S,M0883,H18011S01
411,18011S,M0883,H18011S01
411A,18011S,M0883,H18011S01
411Y,18011S,M0883,H18011S01
411Z,18011S,M0883,H18011S01
412,18011S,M0883,H18011S01
412Z,18011S,M0883,H18011S01
415A,18011S,M0883,H18011S01
415B,18011S,M0883,H18011S01
451,18011S,M0883,H18011S01
452,18011S,M0883,H18011S01
101,13043B,M0899,H13043B01
102,13043B,M0899,H13043B01
103,13043B,M0899,H13043B01
106,13043B,M0899,H13043B01
109,13043B,M0899,H13043B01
110,13043B,M0899,H13043B01
115B,13043B,M0899,H13043B01
116,13043B,M0899,H13043B01
117,13043B,M0899,H13043B01
202,13043B,M0899,H13043B01
203,13043B,M0899,H13043B01
203A,13043B,M0899,H13043B01
205,13043B,M0899,H13043B01
207,13043B,M0899,H13043B01
208,13043B,M0899,H13043B01
211,13043B,M0899,H13043B01
213,13043B,M0899,H13043B01
214,13043B,M0899,H13043B01
301,13043B,M0899,H13043B01
302,13043B,M0899,H13043B01
403,13043B,M0899,H13043B01
404,13043B,M0899,H13043B01
405,13043B,M0899,H13043B01
406,13043B,M0899,H13043B01
105A,13042B,M0900,H13042B01
111A,13042B-D1A,M0900,H13042B01
111B,13042B-D1A,M0900,H13042B01
117,13042B-D1A,M0900,H13042B01
119,13042B-D1A,M0900,H13042B01
201,13042B-D1A,M0900,H13042B01
203-1,13042B-D1A,M0900,H13042B01
208,13042B-D1A,M0900,H13042B01
212,13042B-D1A,M0900,H13042B01
403,13042B,M0900,H13042B01
404,13042B-D1A,M0900,H13042B01
405,13042B-D1A,M0900,H13042B01
405,10109C-H5K,M0909,H10109C09
406A,10109C-H5K,M0909,H10109C09
406B,10109C-H5K,M0909,H10109C09
407A,10109C-H5K,M0909,H10109C09
407B,10109C-H5K,M0909,H10109C09
451,10109C-H5K,M0909,H10109C09
453,10109C-H5K,M0909,H10109C09
454,10109C-H5K,M0909,H10109C09
455,10109C-H5K,M0909,H10109C09
113,9665C,M0945,H9665C02
122,9665C,M0945,H9665C02
504B,9665C,M0945,H9665C02
511A,9665C,M0945,H9665C02
201,9687C,M0946,H9687C03
205A,9687C,M0946,H9687C03
205B,9687C,M0946,H9687C03
216,9687C,M0946,H9687C03
501A,9687C,M0946,H9687C03
502A,9687C,M0946,H9687C03
503,9687C,M0946,H9687C03
504B,9687C,M0946,H9687C03
521B,9687C,M0946,H9687C03
106A,11001S,M0949,H11001S01
108,11001S,M0949,H11001S01
109-40,11001S,M0949,H11001S01
156,11001S,M0949,H11001S01
203a,11001S,M0949,H11001S01
212,11001S,M0949,H11001S01
215B,11001S,M0949,H11001S01
215C,11001S,M0949,H11001S01
256,11001S,M0949,H11001S01
403,11001S,M0949,H11001S01
404,11001S,M0949,H11001S01
108,11002S,M0950,H11002S01
156,11002S,M0950,H11002S01
203A,11002S,M0950,H11002S01
256,11002S,M0950,H11002S01
403,11002S,M0950,H11002S01
404,11002S,M0950,H11002S01
104,11001B,M0951,H11001B01
106,11001B,M0951,H11001B01
112,11001B,M0951,H11001B01
118,11001B,M0951,H11001B01
119,11001B,M0951,H11001B01
156,11001B,M0951,H11001B01
205,11001B,M0951,H11001B01
208,11001B,M0951,H11001B01
209,11001B,M0951,H11001B01
213,11001B,M0951,H11001B01
256,11001B,M0951,H11001B01
401,11001B,M0951,H11001B01
402,11001B,M0951,H11001B01
403,11001B,M0951,H11001B01
112,11002B,M0952,H11002B01
113,11002B,M0952,H11002B01
156,11002B,M0952,H11002B01
402,11002B,M0952,H11002B01
403,11002B,M0952,H11002B01
103A,11001C,M0953,H11001C01
103B,11001C,M0953,H11001C01
108A,11001C,M0953,H11001C01
108B,11001C,M0953,H11001C01
501,11001C,M0953,H11001C01
502,11001C,M0953,H11001C01
201,11002C,M0954,H11002C01
203A,11002C,M0954,H11002C01
502,11002C,M0954,H11002C01
107A,18015S,M0974,H18015S01
107B,18015S,M0974,H18015S01
110A,18015S,M0974,H18015S01
110B,18015S,M0974,H18015S01
106A,18015C,M0975,H18015C01
107A,18015C,M0975,H18015C01
107B,18015C,M0975,H18015C01
202A,18015C,M0975,H18015C01
205A,18015C,M0975,H18015C01
210-1,18015C,M0975,H18015C01
214A,18015C,M0975,H18015C01
214B,18015C,M0975,H18015C01
215,18015C,M0975,H18015C01
216A,18015C,M0975,H18015C01
216B,18015C,M0975,H18015C01
302,18015C,M0975,H18015C01
405,18015C,M0975,H18015C01
408,18015C,M0975,H18015C01
114,10106B-E1C,M1058,H10106B03
115,10106B-E1C,M1058,H10106B03
201,10106B-E1C,M1058,H10106B03
204,10106B-E1C,M1058,H10106B03
215,10106B-E1C,M1058,H10106B03
216,10106B-E1C,M1058,H10106B03
402,10106B-E1C,M1058,H10106B03
403,10106B-E1C,M1058,H10106B03
404,10106B-E1C,M1058,H10106B03
405,10106B-E1C,M1058,H10106B03
406,10106B-E1C,M1058,H10106B03
108,13051B,M1063,H13051B01
109,13051B,M1063,H13051B01
110B,13051B,M1063,H13051B01
113,13051B,M1063,H13051B01
210,13051B,M1063,H13051B01
211A,13051B,M1063,H13051B01
211B,13051B,M1063,H13051B01
212,13051B,M1063,H13051B01
403,13051B,M1063,H13051B01
108,10121S-E1A,M1078,H10121S01
109,10121S-E1A,M1078,H10121S01
110,10121S-E1A,M1078,H10121S01
111,10121S-E1A,M1078,H10121S01
112,10121S-E1A,M1078,H10121S01
114,10121S-E1A,M1078,H10121S01
116,10121S-E1A,M1078,H10121S01
202,10121S-E1A,M1078,H10121S01
203,10121S-E1A,M1078,H10121S01
204,10121S-E1A,M1078,H10121S01
209,10121S-E1A,M1078,H10121S01
215,10121S-E1A,M1078,H10121S01
216,10121S-E1A,M1078,H10121S01
218,10121S-E1A,M1078,H10121S01
223,10121S-E1A,M1078,H10121S01
404,10121S-E1A,M1078,H10121S01
102,10121S-E1C,M1079,H10121S02
105,10121S-E1C,M1079,H10121S02
108,10121S-E1C,M1079,H10121S02
109,10121S-E1C,M1079,H10121S02
110,10121S-E1C,M1079,H10121S02
111,10121S-E1C,M1079,H10121S02
113,10121S-E1C,M1079,H10121S02
114,10121S-E1C,M1079,H10121S02
201,10121S-E1C,M1079,H10121S02
202,10121S-E1C,M1079,H10121S02
204,10121S-E1C,M1079,H10121S02
210,10121S-E1C,M1079,H10121S02
214A,10121S-E1C,M1079,H10121S02
216,10121S-E1C,M1079,H10121S02
255,10121S-E1C,M1079,H10121S02
404,10121S-E1C,M1079,H10121S02
405,10121S-E1C,M1079,H10121S02
216,13036B,M1086,H13036B02
116,10109B-E1AC,M1088,H10109B17
117,10109B-E1AC,M1088,H10109B17
120,10109B-E1AC,M1088,H10109B17
125,10109B-E1AC,M1088,H10109B17
201,10109B-E1AC,M1088,H10109B17
202,10109B-E1AC,M1088,H10109B17
214,10109B-E1AC,M1088,H10109B17
222,10109B-E1AC,M1088,H10109B17
402,10109B-E1AC,M1088,H10109B17
208,13057B,M1135,H13057B01
209,13057B,M1135,H13057B01
210,13057B,M1135,H13057B01
211,13057B,M1135,H13057B01
301,13057B,M1135,H13057B01
402,13057B,M1135,H13057B01
403,13057B,M1135,H13057B01
404,13057B,M1135,H13057B01
104B,9664C,M1147,H9664C01
201,9664C,M1147,H9664C01
202A,9664C,M1147,H9664C01
202B,9664C,M1147,H9664C01
203,9664C,M1147,H9664C01
204A,9664C,M1147,H9664C01
204B,9664C,M1147,H9664C01
205B,9664C,M1147,H9664C01
206A,9664C,M1147,H9664C01
206B,9664C,M1147,H9664C01
207A,9664C,M1147,H9664C01
207B,9664C,M1147,H9664C01
501,9664C,M1147,H9664C01
502,9664C,M1147,H9664C01
503,9664C,M1147,H9664C01
120,9664S,M1148,H9664S01
205A,9664S,M1148,H9664S01
205B,9664S,M1148,H9664S01
206A-B,9664S,M1148,H9664S01
207A-B,9664S,M1148,H9664S01
215,9664S,M1148,H9664S01
218,9664S,M1148,H9664S01
403,9664S,M1148,H9664S01
404,9664S,M1148,H9664S01
405,9664S,M1148,H9664S01
406,9664S,M1148,H9664S01
102A,9665S-H5A,M1149,H9665S03
102B,9665S-H5A,M1149,H9665S03
105A,9665S-H5A,M1149,H9665S03
105B,9665S-H5A,M1149,H9665S03
113,9665S-H5A,M1149,H9665S03
16A1,9665S,M1149,H9665S03
205,9665S-H5A,M1149,H9665S03
206,9665S-H5A,M1149,H9665S03
103,13055B,M1173,H13055B01
107,13055B,M1173,H13055B01
108,13055B,M1173,H13055B01
111,13055B,M1173,H13055B01
205,13055B,M1173,H13055B01
216,13055B,M1173,H13055B01
402,13055B,M1173,H13055B01
403,13055B,M1173,H13055B01
404,13055B,M1173,H13055B01
116,10109B-E1AE,M1202,H10109B18
117,10109B-E1AE,M1202,H10109B18
118,10109B-E1AE,M1202,H10109B18
119,10109B-E1AE,M1202,H10109B18
120,10109B-E1AE,M1202,H10109B18
121,10109B-E1AE,M1202,H10109B18
212,10109B-E1AE,M1202,H10109B18
213,10109B-E1AE,M1202,H10109B18
214,10109B-E1AE,M1202,H10109B18
B020,10113C,M12157,H10113C01
C04A,10113C,M12157,H10113C01
202,13066B,M1229,H13066B01
203,13066B,M1229,H13066B01
206,13066B,M1229,H13066B01
207,13066B,M1229,H13066B01
208,13066B,M1229,H13066B01
209,13066B,M1229,H13066B01
501,13066B,M1229,H13066B01
502,13066B,M1229,H13066B01
504A,13066B,M1229,H13066B01
504B,13066B,M1229,H13066B01
505A,13066B,M1229,H13066B01
506,13066B,M1229,H13066B01
507,13066B,M1229,H13066B01
510A,13066B,M1229,H13066B01
510B,13066B,M1229,H13066B01
511,13066B,M1229,H13066B01
701A,13066B,M1229,H13066B01
214,13073B,M1308,H13073B01
215,13073B,M1308,H13073B01
301,13073B,M1308,H13073B01
302,13073B,M1308,H13073B01
EERVF1.5-110.57-P0.90-W0.60-,13073B,M1308,H13073B01
EERVF1.5-112.48-P1.20-W0.70-,13073B,M1308,H13073B01
EERVL2-110.57-P1.20-W0.80-N7,13073B,M1308,H13073B01
206A,13075B,M1355,H13075B01
206B,13075B,M1355,H13075B01
208A,13075B,M1355,H13075B01
208B,13075B,M1355,H13075B01
216,13075B,M1355,H13075B01
217,13075B,M1355,H13075B01
256,13075B,M1355,H13075B01
105,13042B-H5B,M1363,H13042B02
106,13042B-H5B,M1363,H13042B02
111,13042B-H5B,M1363,H13042B02
113A,13042B-H5B,M1363,H13042B02
113B,13042B-H5B,M1363,H13042B02
208,13042B-H5B,M1363,H13042B02
212,13042B-H5B,M1363,H13042B02
213,13042B-H5B,M1363,H13042B02
214,13042B-H5B,M1363,H13042B02
215,13042B-H5B,M1363,H13042B02
306A,13042B-H5B,M1363,H13042B02
306B,13042B-H5B,M1363,H13042B02
308A,13042B-H5B,M1363,H13042B02
311,13042B-H5B,M1363,H13042B02
315,13042B-H5B,M1363,H13042B02
402,13042B-H5B,M1363,H13042B02
404,13042B-H5B,M1363,H13042B02
405,13042B-H5B,M1363,H13042B02
406,13042B-H5B,M1363,H13042B02
113B,12003C,M1393,H12003C03
515-1,12003C,M1393,H12003C03
515-2,12003C,M1393,H12003C03
515-3,12003C,M1393,H12003C03
515-4,12003C,M1393,H12003C03
516-2,12003C,M1393,H12003C03
601,12003C,M1393,H12003C03
602,12003C,M1393,H12003C03
113-1,12003S,M1394,H12003S02
113-2A,12003S,M1394,H12003S02
113-2B,12003S,M1394,H12003S02
114,12003S-E1A,M1394,H12003S02
118B,12003S,M1394,H12003S02
512A,12003S,M1394,H12003S02
512B,12003S,M1394,H12003S02
516A,12003S,M1394,H12003S02
516B,12003S,M1394,H12003S02
531A,12003S,M1394,H12003S02
531B,12003S,M1394,H12003S02
101,9115S-E1A,M1446,H9115S01
102,9115S-E1A,M1446,H9115S01
103,9115S-E1A,M1446,H9115S01
104,9115S-E1A,M1446,H9115S01
108,9115S-E1A,M1446,H9115S01
109,9115S-E1A,M1446,H9115S01
110,9115S-E1A,M1446,H9115S01
111,9115S-E1A,M1446,H9115S01
201,9115S-E1A,M1446,H9115S01
202,9115S-E1A,M1446,H9115S01
211A,9115S-E1A,M1446,H9115S01
212,9115S-E1A-05,M1446,H9115S01
213,9115S-E1A-05,M1446,H9115S01
214,9115S-E1A,M1446,H9115S01
215,9115S-E1A,M1446,H9115S01
216,9115S-E1A,M1446,H9115S01
217,9115S-E1A,M1446,H9115S01
403,9115S-E1A,M1446,H9115S01
404,9115S-E1A,M1446,H9115S01
405,9115S-E1A,M1446,H9115S01
107,13018B,M1457,H13018B01
204,13018B,M1457,H13018B01
210l,13018B,M1457,H13018B01
210R,13018B,M1457,H13018B01
212L,13018B,M1457,H13018B01
212R,13018B,M1457,H13018B01
403,13018B,M1457,H13018B01
404,13018B,M1457,H13018B01
405,13018B,M1457,H13018B01
406,13018B,M1457,H13018B01
408,13018B,M1457,H13018B01
409,13018B,M1457,H13018B01
410,13018B,M1457,H13018B01
411,13018B,M1457,H13018B01
412,13018B,M1457,H13018B01
413,13018B,M1457,H13018B01
109,13078B,M1458,H13078B01
114A,13078B,M1458,H13078B01
202,13078B,M1458,H13078B01
223,13078B,M1458,H13078B01
225,13078B,M1458,H13078B01
231,13078B,M1458,H13078B01
404,13078B,M1458,H13078B01
406,13078B,M1458,H13078B01
205,13078C,M1459,0x2a
403,9685C,M1471,H9685C02
101A,9685C,M1472,H9685C03
101B,9685C,M1472,H9685C03
106A,9685C,M1472,H9685C03
106B,9685C,M1472,H9685C03
201A,9685C,M1472,H9685C03
201B,9685C,M1472,H9685C03
203,9685C,M1472,H9685C03
205A,9685C,M1472,H9685C03
206B,9685C,M1472,H9685C03
207A,9685C,M1472,H9685C03
207B,9685C,M1472,H9685C03
401,9685C,M1472,H9685C03
402,9685C,M1472,H9685C03
204,13036B-E1B,M1487,H13036B03
120-1,12003C,M1493,H12003C04
120-2,12003C,M1493,H12003C04
511-1,12003C,M1493,H12003C04
511-2,12003C,M1493,H12003C04
513A,12003C,M1493,H12003C04
513B,12003C,M1493,H12003C04
516-1,12003C,M1493,H12003C04
601,12003C,M1493,H12003C04
602,12003C,M1493,H12003C04
118A,12003S,M1494,H12003S03
517-3,12003S,M1494,H12003S03
517-4,12003S,M1494,H12003S03
518-3A,12003S,M1494,H12003S03
518-3B,12003S,M1494,H12003S03
525A,12003S,M1494,H12003S03
531A,12003S,M1494,H12003S03
531B,12003S,M1494,H12003S03
121A,9640S,M15001,H9640S03
121B,9640S,M15001,H9640S03
122-2,9640S,M15001,H9640S03
123-1,9640S,M15001,H9640S03
123-2,9640S,M15001,H9640S03
128A,9640S,M15001,H9640S03
128B,9640S,M15001,H9640S03
521-3,9640S,M15001,H9640S03
524-2,9640S,M15001,H9640S03
528A,9640S,M15001,H9640S03
604,9640S,M15001,H9640S03
701,9640S,M15001,H9640S03
103,13080B-H5A,M1564,H13080B01
103-1,13080B-H5A,M1564,H13080B01
108,13080B-H5A,M1564,H13080B01
109,13080B-H5A,M1564,H13080B01
110A,13080B-H5A,M1564,H13080B01
110B,13080B-H5A,M1564,H13080B01
110C,13080B-H5A,M1564,H13080B01
110D,13080B-H5A,M1564,H13080B01
111,13080B-H5A,M1564,H13080B01
112,13080B-H5A,M1564,H13080B01
204,13080B-H5A,M1564,H13080B01
214,13080B-H5A,M1564,H13080B01
219A,13080B-H5A,M1564,H13080B01
219B,13080B-H5A,M1564,H13080B01
221A,13080B-H5A,M1564,H13080B01
221B,13080B-H5A,M1564,H13080B01
225,13080B-H5A,M1564,H13080B01
226,13080B-H5A,M1564,H13080B01
405,13080B-H5A,M1564,H13080B01
201,10106C-E1C,M1603,H10106C04
302-100P,10106C-E1C,M1603,H10106C04
302-140,10106C-E1C,M1603,H10106C04
302-40,10106C-E1C,M1603,H10106C04
302-60P,10106C-E1C,M1603,H10106C04
302-80P,10106C-E1C,M1603,H10106C04
402,10106C-E1C,M1603,H10106C04
403,10106C-E1C,M1603,H10106C04
404,10106C-E1C,M1603,H10106C04
407,10106C-E1C,M1603,H10106C04
102,10106B-E1J,M1604,H10106B04
304-4B,10106B-E1L,M1605,H10106B05
114A,10106B-E1N,M1606,H10106B06
114B,10106B-E1N,M1606,H10106B06
206,10106B-E1N,M1606,H10106B06
101,9685C,M1616,H9685C04
102,9685C,M1616,H9685C04
103,9685C,M1616,H9685C04
104,9685C,M1616,H9685C04
105,9685C,M1616,H9685C04
201,9685C,M1616,H9685C04
202,9685C,M1616,H9685C04
203,9685C,M1616,H9685C04
204,9685C,M1616,H9685C04
205,9685C,M1616,H9685C04
206,9685C,M1616,H9685C04
207,9685C,M1616,H9685C04
208,9685C,M1616,H9685C04
209,9685C,M1616,H9685C04
210,9685C,M1616,H9685C04
211,9685C,M1616,H9685C04
212,9685C,M1616,H9685C04
213,9685C,M1616,H9685C04
105,13084B,M1617,H13084B01
106,13084B,M1617,H13084B01
107,13084B,M1617,H13084B01
110,13084B,M1617,H13084B01
121,13084B,M1617,H13084B01
201,13084B,M1617,H13084B01
203,13084B,M1617,H13084B01
204,13084B,M1617,H13084B01
207,13084B,M1617,H13084B01
208,13084B,M1617,H13084B01
211,13084B,M1617,H13084B01
212,13084B,M1617,H13084B01
223,13084B,M1617,H13084B01
226,13084B,M1617,H13084B01
301A,13084B,M1617,H13084B01
301B,13084B,M1617,H13084B01
302,13084B,M1617,H13084B01
311,13084B,M1617,H13084B01
312,13084B,M1617,H13084B01
313,13084B,M1617,H13084B01
314,13084B,M1617,H13084B01
403,13084B,M1617,H13084B01
404,13084B,M1617,H13084B01
405,13084B,M1617,H13084B01
406,13084B,M1617,H13084B01
407,13084B,M1617,H13084B01
408,13084B,M1617,H13084B01
409,13084B,M1617,H13084B01
410,13084B,M1617,H13084B01
411,13084B,M1617,H13084B01
412,13084B,M1617,H13084B01
413,13084B,M1617,H13084B01
104,13085B,M1618,H13085B01
105A,13085B,M1618,H13085B01
105B,13085B,M1618,H13085B01
112B,13085B,M1618,H13085B01
114,13085B,M1618,H13085B01
201,13085B,M1618,H13085B01
203,13085B,M1618,H13085B01
206,13085B,M1618,H13085B01
208,13085B,M1618,H13085B01
403,13085B,M1618,H13085B01
404,13085B,M1618,H13085B01
405,13085B,M1618,H13085B01
406,13085B,M1618,H13085B01
407,13085B,M1618,H13085B01
203,10109C-H5C,M1633,H10109C12
204A,10109C-H5C,M1633,H10109C12
205A,10109C-H5C,M1633,H10109C12
205B,10109C-H5C,M1633,H10109C12
206B,10109C-H5C,M1633,H10109C12
206D,10109C-H5C,M1633,H10109C12
206E,10109C-H5C,M1633,H10109C12
501,10109C-H5C,M1633,H10109C12
116,10109B-E1A,M1663,H10109B19
117,10109B-E1A,M1663,H10109B19
119,10109B-E1A,M1663,H10109B19
121,10109B-E1A,M1663,H10109B19
155,10109B-E1A,M1663,H10109B19
201,10109B-E1A,M1663,H10109B19
202,10109B-E1A,M1663,H10109B19
203,10109B-E1A,M1663,H10109B19
229,10109B-E1A,M1663,H10109B19
230,10109B-E1A,M1663,H10109B19
302,10109B-E1A,M1663,H10109B19
351,10109B-E1A,M1663,H10109B19
402,10109B-E1A,M1663,H10109B19
403,10109B-E1A,M1663,H10109B19
404,10109B-E1A,M1663,H10109B19
105-1,9926B-A1A,M7054,I9926B01
106,9926B-A1A,M7054,I9926B01
208,9926B-A1A,M7054,I9926B01
237B,9926B-A1A,M7054,I9926B01
105-1,9926B-A1C,M7448,I9926B02
208,9926B-A1C,M7448,I9926B02
106,9926B,M7806,I9926B03
209-53,9926B,M7806,I9926B03
227,9926B,M7806,I9926B03
228,9926B,M7806,I9926B03
229,9926B,M7806,I9926B03
230,9926B,M7806,I9926B03
231,9926B,M7806,I9926B03
232,9926B,M7806,I9926B03
236,9926B,M7806,I9926B03
239,9926B,M7806,I9926B03
311,9926B,M7806,I9926B03
312,9926B,M7806,I9926B03
321,9926B,M7806,I9926B03
322,9926B,M7806,I9926B03
331,9926B,M7806,I9926B03
205,13067B,M7938,I13067B01
211-2,13067B,M7938,I13067B01
VOI PHUN,13067B,M7938,I13067B01
101,18023S,MF0001,H18023S01
102,18023S,MF0001,H18023S01
103,18023S,MF0001,H18023S01
104,18023S,MF0001,H18023S01
105,18023S,MF0001,H18023S01
106,18023S,MF0001,H18023S01
111,18023S,MF0001,H18023S01
201,18023S,MF0001,H18023S01
202,18023S,MF0001,H18023S01
219,18023S,MF0001,H18023S01
403,18023S,MF0001,H18023S01
404,18023S,MF0001,H18023S01
203A,18023C,MF0002,H18023C01
203B,18023C,MF0002,H18023C01
204A,18023C,MF0002,H18023C01
204B,18023C,MF0002,H18023C01
206A,18023C,MF0002,H18023C01
206B,18023C,MF0002,H18023C01
207A,18023C,MF0002,H18023C01
207B,18023C,MF0002,H18023C01
209A,18023C,MF0002,H18023C01
209B,18023C,MF0002,H18023C01
210A,18023C,MF0002,H18023C01
211,18023C,MF0002,H18023C01
212A,18023C,MF0002,H18023C01
212B,18023C,MF0002,H18023C01
404,18023C,MF0002,H18023C01
405,18023C,MF0002,H18023C01
406,18023C,MF0002,H18023C01
205,13096B,MF00028,H13096B01
206,13096B,MF00028,H13096B01
303,13096B,MF00028,H13096B01
304,13096B,MF00028,H13096B01
103,18023E,MF0003,H18023E01
104A,18023E,MF0003,H18023E01
104B,18023E,MF0003,H18023E01
202,18023E,MF0003,H18023E01
204,18023E,MF0003,H18023E01
205,18023E,MF0003,H18023E01
206,18023E,MF0003,H18023E01
207A,18023E,MF0003,H18023E01
208,18023E,MF0003,H18023E01
209A,18023E,MF0003,H18023E01
209B,18023E,MF0003,H18023E01
404,18023E,MF0003,H18023E01
405,18023E,MF0003,H18023E01
406,18023E,MF0003,H18023E01
407,18023E,MF0003,H18023E01
102B,13080B-H5B,MF0009,H13080B02
109A,13080B-H5B,MF0009,H13080B02
109B,13080B-H5B,MF0009,H13080B02
111,13080B-H5B,MF0009,H13080B02
112,13080B-H5B,MF0009,H13080B02
113,13080B-H5B,MF0009,H13080B02
114,13080B-H5B,MF0009,H13080B02
116,13080B-H5B,MF0009,H13080B02
118,13080B-H5B,MF0009,H13080B02
119,13080B-H5B,MF0009,H13080B02
120,13080B-H5B,MF0009,H13080B02
121A,13080B-H5B,MF0009,H13080B02
121B,13080B-H5B,MF0009,H13080B02
126A,13080B-H5B,MF0009,H13080B02
131A,13080B-H5B,MF0009,H13080B02
131B,13080B-H5B,MF0009,H13080B02
132A,13080B-H5B,MF0009,H13080B02
132B,13080B-H5B,MF0009,H13080B02
404,13080B-H5B,MF0009,H13080B02
405,13080B-H5B,MF0009,H13080B02
406,13080B-H5B,MF0009,H13080B02
407,13080B-H5B,MF0009,H13080B02
408,13080B-H5B,MF0009,H13080B02
409,13080B-H5B,MF0009,H13080B02
107,13077B,MF00102,H13077B01
109B,13077B,MF00102,H13077B01
119A,13077B,MF00102,H13077B01
204B,13077B,MF00102,H13077B01
209,13077B,MF00102,H13077B01
210,13077B,MF00102,H13077B01
211,13077B,MF00102,H13077B01
301,13077B,MF00102,H13077B01
VOI PHUN,13077B,MF00102,H13077B01
122,10128S-H5A.F,MF00174,H10128S01
137,10128S-H5A.F,MF00174,H10128S01
215,10128S,MF00174,H10128S01
402,10128S-H5A.F,MF00174,H10128S01
403-1,10128S-H5A.F,MF00174,H10128S01
404,10128S-H5A.F,MF00174,H10128S01
511-1,10128E-H5A,MF00175,H10128E01
514-1A,10128E-H5A,MF00175,H10128E01
514-1B,10128E-H5A,MF00175,H10128E01
514-3,10128E-H5A,MF00175,H10128E01
515B,10128E-H5A,MF00175,H10128E01
601,10128E-H5A,MF00175,H10128E01
602,10128E-H5A,MF00175,H10128E01
604,10128E-H5A,MF00175,H10128E01
104A-1,10128B,MF00176,H10128B01
111B,10128B,MF00176,H10128B01
502,10128B,MF00176,H10128B01
VOI PHUN,10128B,MF00176,H10128B01
112-1,10128C,MF00177,H10128C01
112-2,10128C,MF00177,H10128C01
113A,10128C,MF00177,H10128C01
113B,10128C,MF00177,H10128C01
114A,10128C,MF00177,H10128C01
114B,10128C,MF00177,H10128C01
602,10128C,MF00177,H10128C01
603,10128C,MF00177,H10128C01
117-1,10128E-H5B,MF00178,H10128E02
117-2,10128E-H5B,MF00178,H10128E02
515-2,10128E-H5B,MF00178,H10128E02
522,10128E-H5B,MF00178,H10128E02
523,10128E-H5B,MF00178,H10128E02
601,10128E-H5B,MF00178,H10128E02
603,10128E-H5B,MF00178,H10128E02
604,10128E-H5B,MF00178,H10128E02
203A,9827S,MF00196,H9827B08
203B,9827S,MF00196,H9827B08
211A,9827S,MF00197,H9827S22
211B,9827S,MF00197,H9827S22
212,9827S,MF00197,H9827S22
404,9827S,MF00197,H9827S22
405,9827S,MF00197,H9827S22
101,10109S-E1A,MF00221,H10109S03
203,10109S-E1A,MF00221,H10109S03
204,10109S-E1A,MF00221,H10109S03
208-1,10109S-E1A,MF00221,H10109S03
208-2,10109S-E1A,MF00221,H10109S03
212,10109S-E1A,MF00221,H10109S03
404,10109S-E1A,MF00221,H10109S03
102,10141S,MF00307,H10141S01
102-1,10141S,MF00307,H10141S01
104,10141S,MF00307,H10141S01
105A,10141S,MF00307,H10141S01
105B,10141S,MF00307,H10141S01
106A,10141S,MF00307,H10141S01
106B,10141S,MF00307,H10141S01
133A,10141S,MF00307,H10141S01
206B,10141S,MF00307,H10141S01
207B,10141S,MF00307,H10141S01
208B,10141S,MF00307,H10141S01
213,10141S,MF00307,H10141S01
214,10141S,MF00307,H10141S01
215,10141S,MF00307,H10141S01
221,10141S,MF00307,H10141S01
222,10141S,MF00307,H10141S01
224,10141S,MF00307,H10141S01
606,10141S,MF00307,H10141S01
607,10141S,MF00307,H10141S01
108A,10141C,MF00308,H10141C01
108B,10141C,MF00308,H10141C01
204,10141C,MF00308,H10141C01
217B,10141C,MF00308,H10141C01
302B,10141C,MF00308,H10141C01
302C,10141C,MF00308,H10141C01
302D,10141C,MF00308,H10141C01
307A,10141C,MF00308,H10141C01
307B,10141C,MF00308,H10141C01
307C,10141C,MF00308,H10141C01
603,10141C,MF00308,H10141C01
604,10141C,MF00308,H10141C01
609,10141C,MF00308,H10141C01
113-1A,10110C,MF00319,H10110C02
113-1B,10110C,MF00319,H10110C02
513-1,10110C,MF00319,H10110C02
513-2,10110C,MF00319,H10110C02
601,10110C,MF00319,H10110C02
602,10110C,MF00319,H10110C02
118A,12003S,MF00321,H12003S04
119A,12003S,MF00321,H12003S04
119B,12003S,MF00321,H12003S04
120B,12003S,MF00321,H12003S04
122,12003S,MF00321,H12003S04
514-1,12003S,MF00321,H12003S04
515-1,12003S,MF00321,H12003S04
519-1,12003S,MF00321,H12003S04
519-2,12003S,MF00321,H12003S04
519-3,12003S,MF00321,H12003S04
526-1,12003S,MF00321,H12003S04
526-2,12003S,MF00321,H12003S04
701,12003S,MF00321,H12003S04
711A,12003S,MF00321,H12003S04
711B,12003S,MF00321,H12003S04
712A,12003S,MF00321,H12003S04
712B,12003S,MF00321,H12003S04
107A-1,10116B-H5B,MF00392,H10116B05
107A-2,10116B-H5B,MF00392,H10116B05
107B-1,10116B-H5B,MF00392,H10116B05
204,10116B-H5B,MF00392,H10116B05
205,10116B-H5B,MF00392,H10116B05
208,10116B-H5B,MF00392,H10116B05
210,10116B-H5B,MF00392,H10116B05
403,10116B-H5B,MF00392,H10116B05
202B,10109C-H5C,MF00488,MF00488
108-1,10128S-H5C,MF00521,H10128S02
117,10128S-H5C,MF00521,H10128S02
118,10128S-H5C,MF00521,H10128S02
215,10128S-H5C,MF00521,H10128S02
216,10128S-H5C,MF00521,H10128S02
217,10128S-H5C,MF00521,H10128S02
218,10128S-H5C,MF00521,H10128S02
220,10128S,MF00521,H10128S02
301,10128S-H5C,MF00521,H10128S02
302,10128S-H5C,MF00521,H10128S02
405A,10128S-H5C,MF00521,H10128S02
112,10109B-E1AA,MF00560,H10109B22
119,10109B-E1AA,MF00560,H10109B22
120,10109B-E1AA,MF00560,H10109B22
121,10109B-E1AA,MF00560,H10109B22
123,10109B-E1AA,MF00560,H10109B22
212,10109B-E1AA,MF00560,H10109B22
213,10109B-E1AA,MF00560,H10109B22
214,10109B-E1AA,MF00560,H10109B22
403,10109B-E1AA,MF00560,H10109B22
405,10109B-E1AA,MF00560,H10109B22
206,10128S-E1E,MF00606,0x2a
402,9707B,MF00629,H9707B07
403,9707B,MF00629,H9707B07
104,10106S-E1C,MF00805,H10106S03
106,10106S-E1C,MF00805,H10106S03
113A,10106S-E1C,MF00805,H10106S03
137,10106S-E1C,MF00805,H10106S03
139,10106S-E1C,MF00805,H10106S03
302B-40P,10106S,MF00805,H10106S03
401,10106S,MF00805,H10106S03
403,10106S,MF00805,H10106S03
218,13080B-H5B,MF00849,0x2a
201,10116B-H5B,MF00907,H10116B06
400,10109S-E1A,MF00909,H10109S17
402,10109S-E1A,MF00909,H10109S17
017D,9687S,MF00929,H9687S06
210,9687S,MF00929,H9687S06
109,10106B-E1J,MF00930,H10106B09
117,10106B-E1J,MF00930,H10106B09
129,10106B-E1J,MF00930,H10106B09
202,10106B-E1J,MF00930,H10106B09
206,10106B-E1J,MF00930,H10106B09
104A,10106B-E1L,MF00948,H10106B10
116,10106B-E1L,MF00948,H10106B10
117,10106B-E1L,MF00948,H10106B10
212B,10106B-E1L,MF00948,H10106B10
304-100P,10106B-E1L,MF00948,H10106B10
404,10106B-E1L,MF00948,H10106B10
504,9604S,YG001,H9604S01
505,9604S,YG001,H9604S01
506,9604S,YG001,H9604S01
12A,9604S,YG002,H9604S02
12B,9604S,YG002,H9604S02
44,9604S,YG002,H9604S02
44-1,9604S,YG002,H9604S02
B05B,9220A,YG06015,H9220A02
B13A,9220A,YG06015,H9220A02
B29A,9220A,YG06015,H9220A02
CR24B,9110S,YG08031,H9110S02
CR28A,9110S,YG08031,H9110S02
CR13C,9604S,YG08062,H9604S03
CF27A,9953B,YG09018,H9953B01
CF27B,9953B,YG09018,H9953B01
CF28A,9953B,YG09018,H9953B01
CF28B,9953B,YG09018,H9953B01
CR27A,9953B,YG09018,H9953B01
CR27B,9953B,YG09018,H9953B01
A18,11001S,YW003,H11001S02
B05-1,11001S,YW003,H11001S02
TS1,11001S,YW003,H11001S02
B05-1,11002S,YW004,H11002S02
B22,11002S,YW004,H11002S02
B23,11002S,YW004,H11002S02
B24,11002S,YW004,H11002S02
B25,11002S,YW004,H11002S02
A01A,11001B,YW005,H11001B02
A01B,11001B,YW005,H11001B02
A02-1,11001B,YW005,H11001B02
A02-2,11001B,YW005,H11001B02
A16,11001S,YW005,H11001B02
B04-5,11001B,YW005,H11001B02
B05-8,11001B,YW005,H11001B02
A01-1,11002B,YW006,H11002B02
A01-2,11002B,YW006,H11002B02
A02-1,11002B,YW006,H11002B02
A02-2,11002B,YW006,H11002B02
B01,11002B,YW006,H11002B02
B05-8,11002B,YW006,H11002B02
